"","1974.pdf","1975.pdf","1976.pdf","1977.pdf","1978.pdf","1979.pdf","1980.pdf","1981.pdf","1982.pdf","1983.pdf","1984.pdf","1985.pdf","1986.pdf","1987.pdf","1988.pdf","1989.pdf","1990.pdf","1991.pdf","1992.pdf","1993.pdf","1994.pdf","1995.pdf","1996.pdf","1997.pdf","1998.pdf","1999.pdf","2000.pdf","2001.pdf","2002.pdf","2003.pdf","2004.pdf","2005.pdf","2006.pdf","2007.pdf","2008.pdf","2009.pdf","2010.pdf","2011.pdf","2012.pdf","2013.pdf","2014.pdf","2015.pdf","2016.pdf","2017.pdf","2018.pdf","2019.pdf","2020.pdf","2021.pdf","2022.pdf"
"abord",0,0,0,0,0,0,0,0,0,0,1,0,0,1,0,1,1,0,0,0,3,2,0,0,2,1,1,2,1,2,0,1,1,1,1,0,0,0,1,0,1,1,1,2,0,2,1,0,2
"achat",0,0,0,0,0,0,0,1,1,0,0,0,0,0,0,0,0,0,0,0,0,0,0,0,0,0,0,1,0,0,1,0,2,1,0,0,1,2,0,1,0,0,0,0,0,0,0,1,0
"achève",0,0,0,0,0,0,0,1,0,0,0,0,0,0,0,0,0,1,0,0,0,0,0,0,0,2,0,0,0,1,0,0,0,1,1,1,1,1,0,0,1,0,0,2,1,0,1,0,1
"action",1,0,1,0,1,0,0,1,1,1,0,0,0,0,0,0,0,0,0,0,0,1,0,0,0,0,2,2,8,3,3,3,1,1,2,0,0,0,0,0,1,0,0,0,2,1,0,1,2
"activité",0,0,0,0,0,0,0,0,0,0,0,0,0,0,0,0,0,0,0,0,0,1,2,0,0,1,3,0,0,3,3,0,0,1,0,2,0,0,1,0,1,0,0,0,0,0,1,1,1
"adresse",0,0,1,1,1,1,2,0,0,0,0,0,0,0,0,0,0,0,1,0,0,0,0,0,0,0,1,1,0,0,0,1,1,0,0,1,0,1,0,1,0,1,1,1,0,1,0,0,0
"agir",0,1,0,0,0,0,0,1,0,0,0,0,0,0,0,0,0,0,0,0,0,0,2,0,1,0,2,0,1,1,0,1,1,1,3,1,0,2,0,0,0,2,1,1,0,1,1,1,1
"aider",0,0,0,0,1,0,0,0,0,0,0,1,0,0,0,0,0,0,1,1,0,1,0,0,0,0,0,0,0,1,2,1,0,0,0,1,0,0,0,0,0,0,0,0,0,1,0,0,0
"allocution",1,1,1,1,1,1,1,1,1,1,1,1,1,1,1,1,1,1,1,1,1,0,0,0,0,0,0,0,0,0,0,0,0,0,0,0,0,0,0,0,0,0,0,0,0,0,0,0,0
"allons",1,0,0,0,0,3,0,0,1,1,0,0,0,0,1,0,0,0,0,0,0,0,0,0,1,0,0,1,0,1,0,6,0,0,1,2,1,0,0,0,1,0,0,0,0,0,0,1,1
"ambition",0,0,0,0,0,0,0,0,0,0,0,0,0,0,0,0,1,0,0,0,1,2,2,1,4,0,1,2,0,1,1,1,1,0,0,0,0,0,2,0,0,0,0,2,0,0,1,2,3
"amis",1,1,1,1,1,3,0,0,0,1,0,0,0,0,0,0,0,0,0,0,0,0,0,0,0,0,0,0,1,0,0,0,0,1,0,0,0,0,0,0,0,0,0,1,0,0,2,0,1
"année",0,0,0,0,0,0,9,6,3,4,5,6,3,2,2,2,1,2,3,3,4,7,5,3,2,2,15,2,6,7,3,2,2,6,4,6,8,6,5,8,11,5,2,14,7,7,9,12,15
"années",0,0,0,0,0,0,0,1,0,0,0,1,0,0,1,1,0,0,1,0,1,2,0,0,0,0,0,0,0,0,2,0,0,1,0,0,0,4,1,2,0,0,1,1,1,2,1,2,2
"annuels",1,1,0,1,0,1,0,1,1,0,1,1,1,1,1,1,0,1,1,1,0,0,0,0,0,0,0,0,0,0,0,0,0,0,0,0,0,0,0,0,0,0,0,0,0,0,0,0,0
"ans",0,0,0,1,1,2,0,4,3,1,1,4,0,3,2,2,2,0,1,1,0,1,0,0,0,1,1,1,0,1,0,0,0,2,0,1,2,2,2,0,1,0,0,0,0,3,3,7,5
"assurer",0,0,0,0,0,0,0,1,1,0,0,1,0,0,0,0,0,0,0,0,0,0,1,1,0,1,0,0,0,0,0,0,0,0,0,1,0,0,0,0,0,0,2,2,3,4,0,1,1
"atouts",0,0,0,0,0,0,0,0,0,0,0,0,0,0,0,0,0,0,0,0,0,1,0,0,0,0,1,1,0,2,0,1,1,0,1,0,1,0,0,1,0,0,1,0,0,1,0,0,0
"audelà",0,0,0,0,0,0,0,0,0,0,0,0,0,0,0,0,0,0,0,1,0,1,1,1,0,0,1,0,1,2,1,0,0,0,0,0,0,0,0,0,1,1,0,1,1,1,0,0,1
"aujourhui",0,0,0,0,0,0,0,1,0,1,2,0,0,0,0,0,1,0,0,0,1,1,0,0,1,1,4,0,1,4,1,2,0,0,0,0,0,0,0,1,0,1,1,5,0,2,2,2,1
"autour",1,0,0,0,0,1,1,0,1,0,0,1,1,1,1,0,0,0,0,1,0,0,1,0,0,1,0,0,1,2,0,0,1,0,0,0,0,0,0,1,0,0,0,0,0,0,0,0,0
"avancer",0,0,0,0,0,0,0,0,1,0,0,0,0,0,0,0,0,0,0,1,0,0,1,0,1,0,2,1,0,0,0,0,1,0,0,0,0,0,0,1,2,0,0,0,0,0,1,1,0
"avenir",0,0,0,0,0,0,0,0,1,0,0,0,1,1,0,1,0,0,0,0,1,3,1,5,2,4,5,2,2,1,6,3,3,3,2,4,1,2,3,2,2,2,0,4,4,2,3,3,1
"besoin",0,0,0,0,0,1,0,1,1,0,1,0,2,0,0,1,5,1,1,1,0,0,0,0,1,0,0,3,2,1,0,1,1,2,2,1,1,1,1,1,0,3,0,12,1,2,0,0,0
"bien",4,0,2,0,1,3,4,2,4,3,3,3,1,0,2,3,3,0,2,1,1,4,2,3,7,5,1,3,3,1,0,0,3,4,2,3,3,1,1,2,0,2,0,1,3,1,0,4,1
"bientôt",0,0,0,0,0,0,0,0,1,1,1,0,0,1,0,0,0,1,1,1,1,1,0,0,0,0,0,0,1,0,0,0,0,0,0,0,0,0,0,0,0,0,0,0,0,0,0,1,0
"bon",0,0,0,0,0,0,0,1,1,0,0,1,0,0,0,0,3,0,0,1,1,1,0,1,0,0,1,0,0,1,0,1,0,0,0,0,0,1,0,0,1,0,1,1,0,0,2,0,0
"bonheur",0,3,1,9,3,1,1,0,0,0,0,0,0,0,0,0,0,0,1,0,0,0,0,0,0,0,0,0,0,0,0,0,0,1,0,1,1,1,0,0,0,0,0,0,0,1,0,1,0
"bonne",4,3,2,2,2,2,1,3,2,2,5,2,3,1,1,1,1,1,1,1,2,2,1,2,2,1,4,2,2,2,1,0,0,0,0,0,0,1,0,0,0,0,0,3,0,1,1,0,0
"capable",1,0,1,2,0,1,0,0,0,0,0,0,0,0,1,0,0,1,0,0,0,0,3,0,0,2,0,0,0,0,1,0,0,0,0,0,0,0,1,0,2,1,0,0,0,0,1,0,0
"capables",0,0,0,1,0,0,1,1,0,0,0,0,1,0,0,0,0,0,0,0,1,0,0,0,1,0,0,0,0,0,0,0,0,0,0,1,0,0,0,0,2,0,0,1,1,0,0,1,1
"capacité",0,0,0,0,0,0,0,0,0,0,0,0,0,0,0,0,1,0,0,0,0,2,0,0,0,1,0,0,1,0,1,0,0,0,0,0,1,1,0,0,0,0,2,0,2,2,0,0,1
"cause",2,0,0,1,1,0,0,0,1,0,0,0,0,0,1,0,1,0,0,0,0,0,0,0,0,1,0,0,1,0,0,0,0,0,0,0,0,0,0,1,2,1,2,0,1,0,0,0,1
"certains",1,0,0,0,0,0,0,1,0,0,0,0,0,0,0,0,0,0,0,0,0,3,1,0,0,0,1,2,1,0,0,0,1,0,0,0,0,0,0,0,0,0,1,1,2,0,0,0,1
"chaleureux",0,1,0,0,0,0,0,0,0,0,0,0,0,0,0,0,0,0,0,0,0,0,0,0,1,0,1,1,0,0,1,1,1,0,0,0,1,0,1,1,0,0,1,0,0,0,0,0,0
"chance",0,1,0,0,0,1,0,0,0,0,0,1,0,0,1,1,0,1,0,1,1,1,1,1,2,1,1,2,1,1,0,0,2,0,1,0,0,0,1,3,0,0,0,1,0,1,0,0,2
"chances",0,0,0,0,0,0,0,0,0,0,0,0,1,0,1,0,1,0,0,0,0,0,2,0,1,0,2,0,0,1,2,1,0,0,1,1,1,0,0,0,0,0,0,0,0,0,1,0,0
"chirac",0,0,0,0,0,0,0,0,0,0,0,0,0,0,0,0,0,0,0,0,0,2,2,2,2,2,2,2,2,2,2,2,2,0,0,0,0,0,0,0,0,0,0,0,0,1,0,0,0
"choix",2,0,0,0,0,0,0,1,1,0,0,0,0,2,0,0,0,0,0,0,0,0,3,0,1,0,1,4,0,0,2,0,1,0,0,0,0,2,0,1,2,1,3,4,2,4,3,4,1
"chômage",0,0,0,0,0,0,0,2,0,0,1,1,2,1,1,1,1,0,1,2,1,4,1,2,1,0,1,0,0,0,1,2,2,0,0,1,0,1,2,1,3,2,2,1,1,0,0,2,3
"choses",0,0,0,0,0,0,3,0,0,0,0,0,0,0,0,1,1,0,0,1,1,0,1,1,1,1,0,0,1,0,0,0,1,0,0,0,0,0,0,0,0,1,0,2,3,2,0,0,0
"circonstance",1,1,0,1,1,1,1,1,1,0,1,1,1,1,1,1,0,1,1,1,1,1,1,1,1,1,1,1,1,1,1,1,1,1,1,1,1,1,1,1,1,1,1,1,1,0,1,0,0
"coeur",1,0,1,0,0,0,1,0,0,1,0,0,0,0,1,0,0,0,0,1,2,1,1,0,0,1,1,2,1,0,0,1,1,3,1,0,0,0,0,0,0,2,0,2,1,3,0,1,0
"combat",0,0,0,0,0,0,0,0,0,0,0,0,0,0,0,1,0,0,0,0,1,0,0,0,1,2,1,0,0,0,0,1,2,0,0,0,1,0,0,0,2,0,0,0,0,0,0,0,4
"commun",0,0,0,0,0,0,0,0,0,0,0,0,0,0,1,0,0,0,1,0,1,1,0,0,0,1,1,0,0,0,0,0,0,0,0,0,1,0,0,1,1,0,0,3,1,1,1,1,0
"communauté",0,0,0,0,0,0,0,1,1,0,1,0,0,1,0,1,1,1,2,0,1,1,0,1,0,1,1,1,0,0,1,0,0,0,0,0,0,0,0,0,0,0,1,0,0,0,0,0,0
"commune",1,0,0,0,0,0,0,0,0,1,0,0,0,1,0,1,0,1,0,0,0,0,0,0,0,0,0,0,0,1,0,0,0,0,1,0,0,0,0,0,1,0,0,1,1,0,0,1,0
"compatriotes",2,3,0,0,0,1,0,0,0,2,3,2,2,3,3,2,2,2,3,4,4,3,3,2,3,4,5,4,3,2,5,4,2,2,4,6,4,4,2,4,4,4,4,2,4,6,4,5,5
"compte",0,0,0,0,0,0,1,0,0,0,0,1,0,1,1,1,0,0,1,0,0,1,0,0,0,1,2,0,0,0,0,0,1,1,0,0,1,0,0,1,2,0,1,0,1,1,0,1,1
"concitoyens",0,0,0,0,0,0,0,0,0,1,0,0,0,0,0,0,0,0,0,0,0,0,0,0,0,1,1,0,0,0,0,0,0,0,0,0,1,0,0,1,0,1,0,4,3,1,1,0,1
"condition",0,0,1,0,0,1,0,2,0,0,0,0,0,0,0,0,1,0,0,0,0,0,1,0,0,0,0,0,0,1,0,0,0,0,2,0,0,0,1,2,1,0,0,1,0,1,0,0,0
"conditions",1,0,0,0,0,0,0,0,1,0,0,0,1,0,0,1,0,0,0,1,1,0,0,1,0,1,0,0,0,0,0,0,0,0,0,0,0,0,0,0,0,1,0,0,0,0,1,1,0
"conduire",1,1,0,0,0,0,0,1,0,0,0,0,0,0,0,0,0,0,0,0,0,0,1,2,0,0,0,0,1,0,0,0,0,0,0,0,1,0,1,0,0,0,0,1,1,0,1,0,0
"confiance",0,0,0,4,1,0,5,2,2,0,0,0,0,1,0,0,2,0,0,0,0,8,2,1,0,1,1,2,3,0,1,0,0,3,1,1,1,5,3,1,6,1,1,1,2,1,0,2,6
"construction",0,0,0,0,0,0,0,1,0,0,0,1,1,0,0,0,0,0,0,0,2,0,2,0,0,0,0,0,0,1,0,2,1,0,0,0,1,0,0,0,0,1,1,0,1,0,0,2,1
"construire",0,0,0,0,0,0,0,0,1,0,0,0,0,0,1,0,0,0,0,0,0,1,3,1,1,1,2,0,0,0,0,0,0,0,0,1,0,1,0,0,0,0,0,1,1,0,0,0,0
"continent",0,0,0,0,0,1,0,0,0,0,0,0,0,0,0,1,1,0,1,2,0,1,0,1,0,0,1,1,0,0,0,0,1,0,0,1,1,0,0,0,0,0,1,0,0,0,0,3,2
"continuer",0,0,0,0,0,0,0,0,1,0,0,1,0,0,0,0,0,1,0,1,0,0,0,0,0,0,0,0,0,0,2,0,0,0,1,1,2,1,0,0,0,0,1,0,1,1,3,0,1
"contre",2,0,0,0,0,0,0,1,1,0,0,0,3,1,0,2,0,0,1,1,2,4,2,2,0,2,0,1,1,0,3,4,1,0,0,1,0,0,2,3,6,7,3,4,8,6,6,3,6
"convictions",0,1,0,0,0,0,0,0,0,0,0,0,0,1,0,0,0,0,0,0,0,0,0,0,1,1,2,0,0,0,0,0,1,1,0,0,0,0,0,0,0,0,1,1,0,0,0,1,0
"courage",0,0,0,0,0,1,1,0,0,0,1,0,0,0,0,1,1,1,1,1,1,0,1,0,4,0,0,0,0,0,1,0,0,0,1,1,1,1,1,0,0,0,0,0,0,0,1,1,0
"créer",0,0,0,0,0,0,0,0,0,0,0,0,0,0,1,1,0,0,0,0,0,1,2,3,2,1,0,0,0,0,0,0,0,0,0,1,1,1,0,0,0,0,0,0,0,0,0,1,3
"crise",0,1,0,0,3,4,0,0,1,2,0,1,1,1,0,0,0,1,0,0,0,3,0,0,0,0,1,0,0,0,0,1,1,1,10,4,4,9,2,1,0,0,0,0,1,0,3,2,3
"crois",0,2,0,0,0,0,0,0,0,0,1,1,0,1,0,0,1,0,0,0,1,0,0,1,0,0,0,0,0,0,0,0,0,2,0,0,0,0,0,0,1,0,0,3,7,1,0,0,1
"croissance",0,0,0,0,0,1,0,1,1,0,0,0,0,0,1,1,0,1,1,0,1,2,2,0,0,0,2,1,1,2,7,2,2,0,0,1,1,2,2,1,1,1,1,0,0,0,0,1,1
"culture",0,0,0,1,0,0,0,0,0,0,0,0,0,1,0,0,0,0,0,0,0,0,1,2,0,0,1,1,0,0,0,0,0,1,0,1,0,0,0,1,1,0,1,1,1,1,3,4,0
"davantage",0,0,0,1,0,0,1,1,0,0,0,0,0,0,1,0,0,0,0,0,0,3,2,1,0,1,0,2,1,0,1,0,0,3,2,3,1,0,1,2,0,1,0,4,2,2,3,0,1
"début",0,0,0,0,0,0,0,0,0,0,0,0,0,0,1,0,0,0,1,0,0,1,0,0,0,0,0,0,0,1,0,0,0,0,0,0,0,1,0,2,1,1,0,0,0,1,2,3,1
"décembre",1,1,0,1,1,1,2,2,2,3,2,2,2,3,3,2,2,2,2,2,3,3,4,3,3,3,4,4,3,3,4,3,3,4,3,3,3,3,3,3,4,3,3,3,3,3,3,3,3
"décisions",0,0,0,0,0,0,0,0,0,0,0,0,0,0,0,0,0,0,0,0,0,0,1,0,0,1,0,0,0,1,0,0,0,0,0,0,1,2,2,1,0,1,0,0,3,5,1,4,2
"déclaration",0,0,0,0,0,0,0,0,0,0,0,0,0,0,0,0,0,0,0,1,0,1,1,1,1,1,1,1,1,1,1,1,1,1,1,1,1,1,1,1,2,1,1,1,1,1,1,1,1
"défendre",0,0,0,0,0,0,0,0,0,0,0,0,0,0,0,0,0,0,1,0,0,1,1,0,0,1,0,0,1,0,0,0,0,2,0,1,1,0,0,0,0,0,1,0,1,0,0,1,1
"défense",0,0,0,0,0,0,1,1,1,0,0,0,3,0,0,1,0,1,0,0,0,2,1,0,0,0,0,0,1,1,0,0,0,0,0,1,0,0,0,0,0,0,1,0,0,2,0,1,1
"défis",0,0,0,0,0,0,0,0,0,0,0,0,0,0,0,0,0,0,0,0,0,0,0,0,0,1,0,0,0,0,1,1,0,0,1,0,0,3,1,1,1,0,1,2,1,0,1,1,5
"demain",0,0,0,0,0,0,0,0,0,1,0,0,0,0,1,0,1,0,2,0,1,1,0,0,0,1,2,1,0,0,2,0,0,0,0,0,0,0,1,1,3,1,0,0,1,0,0,0,3
"demande",1,0,1,0,0,0,0,0,0,0,0,1,0,0,1,0,0,0,0,1,0,0,1,0,0,0,0,0,0,0,1,0,1,0,0,0,0,0,0,1,1,1,0,0,0,0,1,1,0
"démocratie",0,0,0,0,0,0,0,0,0,0,0,1,3,1,1,1,0,1,0,0,1,0,0,2,1,0,3,1,0,0,0,0,1,0,0,0,0,0,1,0,0,0,2,0,2,1,0,1,1
"démocratique",0,0,0,0,0,0,0,0,0,0,0,0,0,0,0,0,0,1,1,1,0,0,0,0,0,1,1,0,0,0,1,0,0,0,0,0,0,0,0,0,1,0,0,1,2,1,0,0,2
"dernier",1,0,0,0,2,1,0,0,0,0,1,0,0,0,0,0,1,0,1,1,0,1,1,0,0,0,0,1,0,0,0,0,0,1,0,0,0,0,1,0,0,0,3,2,1,0,2,1,1
"derniers",0,0,0,0,0,0,0,0,0,0,0,0,0,0,1,1,0,1,0,0,0,0,0,0,0,1,0,0,1,0,0,0,0,0,0,0,0,0,0,2,1,1,1,2,1,0,1,2,0
"destin",0,0,1,0,0,0,1,0,0,0,0,0,0,0,0,0,0,0,0,0,2,0,0,0,0,0,0,0,0,0,2,0,0,1,0,0,0,2,0,1,0,0,0,0,1,1,1,0,0
"détermination",0,0,0,0,0,0,0,0,0,0,0,0,0,0,0,0,0,0,0,0,1,1,0,0,0,0,0,0,2,0,0,0,0,1,0,1,0,0,0,0,0,1,0,3,1,2,1,0,0
"deuxième",0,0,0,0,0,0,0,0,2,0,1,0,0,0,1,1,0,0,0,0,0,1,0,1,0,0,0,0,0,0,0,0,1,1,0,0,0,2,1,1,0,0,0,0,1,0,1,0,0
"devant",0,0,0,0,0,1,0,0,0,0,0,0,0,0,0,1,0,0,0,0,1,1,0,0,0,1,0,0,0,0,0,1,2,0,0,0,0,0,0,1,2,1,0,1,0,2,1,1,2
"développement",0,0,0,0,0,0,0,0,0,0,0,0,1,0,0,0,0,0,0,0,0,0,0,0,0,0,0,2,0,0,1,0,2,1,0,0,1,1,0,1,0,1,1,0,0,0,0,1,0
"devoir",0,0,0,0,0,0,0,0,1,0,0,0,1,1,1,0,0,0,0,0,1,0,0,0,1,0,1,1,0,1,0,0,0,0,1,2,3,2,3,2,1,2,0,1,0,1,0,0,0
"devons",0,0,1,0,0,0,1,1,0,0,0,0,0,0,0,0,0,0,0,0,0,4,2,0,1,0,0,2,0,4,0,1,0,1,1,2,1,4,2,2,3,1,1,2,2,5,1,1,2
"devra",2,0,0,0,0,0,0,0,0,0,0,0,0,0,0,0,0,0,0,1,0,0,0,0,0,1,0,0,1,1,1,0,0,0,1,0,0,1,0,1,1,0,0,0,1,0,0,0,0
"dialogue",0,1,0,0,0,0,0,0,0,0,3,0,1,0,0,0,1,0,1,1,1,3,4,1,0,0,1,0,1,0,0,0,1,1,0,1,0,0,0,1,1,0,1,1,1,1,0,0,0
"difficile",0,0,3,1,0,0,2,0,1,3,0,1,1,0,0,0,1,1,0,0,0,0,1,0,0,1,0,1,0,0,0,0,0,0,1,2,0,0,0,2,0,0,0,0,0,0,3,1,0
"difficiles",1,0,1,0,0,0,0,0,0,0,1,0,0,0,0,0,0,0,0,0,1,2,1,1,0,1,0,0,0,0,0,0,0,0,0,0,0,2,0,0,1,0,0,0,0,1,3,1,0
"difficultés",0,0,0,0,0,0,2,0,0,2,0,0,0,0,0,0,0,0,0,0,1,0,0,0,0,0,3,1,2,2,0,1,1,1,4,1,0,3,1,0,1,0,1,2,0,0,0,0,1
"dignité",0,0,0,0,0,0,0,0,0,0,0,0,0,0,1,0,0,0,0,0,0,0,1,2,0,1,1,1,1,0,0,0,0,0,0,1,1,0,1,1,2,1,0,0,4,0,0,1,0
"dire",5,0,0,1,1,1,1,2,2,0,1,2,0,1,0,0,1,1,0,1,1,0,2,4,2,2,0,1,1,2,2,1,1,2,0,2,0,1,1,0,5,0,0,3,2,2,2,2,2
"dit",1,0,0,0,0,0,0,0,1,2,1,1,1,0,0,0,1,1,0,1,0,0,0,0,0,0,0,0,0,0,0,0,0,1,1,0,0,0,0,0,0,0,0,0,1,0,0,1,0
"doivent",1,1,0,0,0,0,1,0,0,0,0,0,1,1,0,0,0,0,0,0,0,1,2,0,1,0,1,1,0,1,0,0,0,0,1,0,1,2,0,1,0,0,1,0,1,0,0,1,0
"donner",0,0,0,2,0,0,0,1,0,0,0,0,1,0,1,0,0,0,0,0,0,1,2,0,2,2,0,0,0,5,1,0,2,1,0,1,1,1,1,1,1,1,0,0,0,0,0,0,1
"droit",0,0,0,0,0,0,0,5,0,0,1,0,0,1,2,1,5,3,1,0,1,0,1,0,1,1,1,0,0,3,0,1,2,0,0,0,2,0,1,0,1,0,0,3,1,1,0,0,2
"droits",0,0,0,0,0,0,0,1,3,0,0,0,1,0,1,1,0,0,0,1,0,1,0,0,1,1,0,0,0,1,1,0,0,1,1,0,1,0,1,1,3,0,3,0,1,2,1,1,0
"école",0,0,0,0,0,0,0,0,0,0,0,0,0,0,1,0,0,0,0,0,0,0,3,0,0,0,0,0,1,4,1,0,0,1,0,0,1,0,0,1,1,0,1,1,1,1,1,1,3
"économie",0,0,0,0,0,0,0,1,0,1,0,0,0,0,0,1,0,0,1,1,0,2,1,0,0,0,1,1,3,1,1,0,2,1,1,0,1,6,0,0,0,0,1,0,0,1,1,1,0
"économique",0,0,0,0,0,0,0,1,0,1,0,1,1,1,1,1,1,1,2,2,1,1,0,0,0,0,1,2,0,2,0,0,2,0,1,2,2,1,0,1,1,1,0,2,1,1,1,0,2
"effet",0,0,0,0,1,1,0,0,0,0,0,0,0,0,0,0,1,0,0,0,1,0,0,0,0,0,0,0,0,0,1,0,0,0,0,0,0,0,1,0,0,0,0,3,0,1,1,1,3
"effort",2,0,0,0,0,0,0,1,0,0,1,0,1,1,1,0,0,0,1,0,0,0,2,0,0,0,0,1,1,0,0,0,1,1,3,1,0,0,2,0,0,1,0,1,2,1,0,1,0
"efforts",0,0,2,0,0,0,0,1,0,0,0,1,0,0,0,0,0,1,0,1,1,1,0,0,1,0,1,1,0,2,1,1,0,1,1,1,0,0,0,1,0,0,0,1,0,0,1,0,1
"également",0,0,0,0,0,0,0,1,0,0,0,0,0,1,1,0,0,0,1,0,2,0,0,0,0,0,0,1,1,2,1,0,1,0,0,0,0,1,1,1,1,0,0,0,0,0,0,0,1
"égalité",0,0,0,0,0,0,0,1,0,0,0,0,0,0,0,1,1,0,0,0,1,0,0,0,1,0,0,2,0,2,0,1,0,0,0,2,0,0,1,0,0,1,1,1,0,1,1,1,2
"ellemême",0,0,0,0,0,0,0,0,0,0,1,0,0,1,1,0,0,1,0,0,1,0,1,1,0,1,0,2,0,0,0,0,1,1,0,0,0,0,2,0,0,0,0,0,0,0,0,0,0
"emploi",2,0,0,1,0,0,0,2,1,0,0,0,0,0,0,0,0,1,0,3,1,6,2,0,0,1,0,1,2,12,6,4,1,1,3,2,1,3,2,6,1,3,1,0,0,0,0,1,0
"emplois",0,0,0,0,0,1,0,0,0,0,0,0,0,0,1,1,0,1,0,0,0,2,1,1,0,0,1,1,1,0,2,1,1,0,1,1,1,1,1,0,0,1,1,1,0,2,3,3,5
"énergie",0,0,0,0,0,0,0,1,1,0,0,0,0,0,0,0,1,0,0,0,1,1,0,0,0,0,0,2,0,0,0,2,1,1,2,0,0,0,0,1,0,1,0,0,2,2,1,2,5
"énergies",0,0,0,0,0,0,0,0,0,0,0,0,0,0,1,0,0,0,0,0,0,1,1,1,1,0,1,0,1,0,0,0,0,0,0,0,0,0,0,0,1,1,0,0,0,0,0,1,1
"enfants",0,0,1,0,2,0,1,0,0,1,1,0,0,0,1,0,0,0,0,0,0,1,0,2,1,3,3,0,1,1,1,1,0,2,1,0,0,1,0,1,2,0,1,1,3,4,0,2,6
"engagé",0,0,0,0,0,0,0,0,0,0,0,1,0,0,0,0,0,0,0,0,0,1,0,0,0,0,0,0,1,0,0,0,0,1,0,0,0,0,1,1,2,1,0,3,0,3,1,0,1
"engagement",0,0,0,0,0,0,0,0,0,0,0,0,0,0,0,0,0,0,0,0,0,1,0,0,0,0,0,0,1,1,0,0,0,1,1,0,0,0,0,2,1,2,1,6,0,3,2,3,8
"ensemble",1,0,0,1,0,0,0,1,3,4,0,1,1,0,1,0,0,1,1,1,3,3,3,2,2,4,1,2,1,1,1,1,1,0,2,1,0,0,1,1,0,1,0,3,2,2,4,1,8
"entreprise",0,0,0,0,0,0,0,2,1,0,0,0,0,0,0,0,0,1,0,0,1,0,2,0,0,0,0,0,0,1,0,1,0,1,0,0,0,0,0,1,0,0,0,0,0,1,0,0,0
"entreprises",1,0,1,0,0,0,0,1,0,0,0,0,0,0,0,0,0,0,0,1,0,2,1,0,0,0,1,1,1,3,2,1,1,0,0,2,2,1,2,3,4,1,1,0,0,2,0,1,3
"environnement",0,0,0,0,0,0,0,0,0,2,0,0,0,0,1,0,0,0,0,0,0,0,0,0,0,2,2,1,1,0,0,0,3,2,0,2,0,0,1,0,0,0,1,0,0,0,0,0,0
"épreuve",0,0,0,0,0,0,0,0,1,0,0,0,0,0,0,0,0,1,0,0,0,0,0,0,0,2,0,0,0,1,0,0,0,0,3,0,0,2,0,0,0,0,0,0,0,2,2,2,2
"épreuves",0,0,0,0,0,0,0,0,0,0,1,0,0,0,0,0,0,0,0,0,0,1,0,0,0,0,1,2,1,0,0,0,0,0,0,1,0,1,0,0,1,0,1,0,0,0,1,1,0
"espérance",0,0,0,0,0,0,0,0,1,0,0,0,0,0,0,0,0,1,1,0,0,1,0,0,0,1,1,0,0,1,0,0,0,1,0,0,1,0,1,0,1,1,1,1,0,0,1,1,0
"espoir",0,0,0,0,0,0,0,1,0,0,2,1,0,1,1,0,0,0,0,1,1,1,0,0,0,0,1,0,0,0,0,0,1,1,0,0,0,0,1,1,0,0,0,0,7,1,3,1,0
"esprit",1,0,0,0,0,0,0,0,0,0,1,0,1,1,0,0,0,1,0,0,1,2,1,1,1,1,0,0,3,1,0,1,0,1,1,1,3,0,1,0,0,1,0,1,0,2,1,4,2
"essentiel",0,0,0,0,1,0,0,0,0,0,1,0,0,0,0,0,0,0,0,0,0,0,1,0,0,0,0,1,0,0,0,0,0,1,0,0,0,1,1,1,0,0,0,0,0,3,0,1,0
"etat",0,0,0,0,0,0,0,1,1,0,0,1,1,0,0,0,1,0,2,0,0,1,3,0,0,4,2,5,1,1,0,0,0,1,1,0,0,0,2,2,1,1,1,0,2,0,0,1,0
"étranger",0,0,0,0,0,0,0,0,0,0,0,1,0,0,0,0,1,1,0,0,0,0,1,0,1,1,1,2,1,1,2,2,1,0,0,0,0,0,1,0,1,1,0,0,0,0,1,1,1
"europe",0,0,0,0,0,0,0,1,4,0,3,1,2,2,9,3,4,5,3,3,4,0,2,2,1,3,4,10,2,2,11,5,6,2,3,0,4,1,1,4,5,2,1,5,3,2,4,7,7
"européen",0,0,0,0,0,0,0,0,0,0,0,0,0,0,2,0,0,0,0,0,0,2,0,0,1,0,0,1,0,0,0,1,0,0,0,0,0,0,1,1,0,0,0,2,5,0,1,1,1
"européenne",0,0,0,0,0,0,0,1,0,0,0,0,0,0,0,1,2,0,0,1,2,1,2,0,0,0,1,0,0,1,2,0,1,1,1,0,1,0,0,0,1,1,1,2,0,3,4,2,1
"européens",0,0,0,0,0,0,0,0,0,0,0,0,0,1,1,0,0,1,1,0,0,0,0,0,0,0,0,1,1,0,1,1,0,0,1,0,0,1,0,0,0,0,0,2,0,0,0,0,1
"exemple",1,1,0,0,0,0,0,0,1,0,0,0,0,0,2,0,1,1,0,0,0,0,1,0,0,1,1,0,1,0,0,0,0,0,0,0,0,0,0,0,0,1,0,0,0,1,0,0,0
"exprimer",0,0,0,2,0,1,1,0,0,0,0,0,0,1,0,0,1,0,0,0,0,0,0,0,0,1,1,0,1,0,1,1,0,0,0,0,0,0,0,0,0,0,0,1,1,1,0,0,0
"face",0,1,1,0,0,1,1,0,0,0,0,0,0,0,0,0,0,0,0,0,0,4,0,0,1,2,3,0,0,0,2,1,0,1,2,3,2,2,0,4,3,5,6,2,1,1,3,3,5
"façon",0,0,0,0,0,0,0,1,0,0,0,0,0,0,1,0,1,1,0,0,0,0,0,0,0,0,0,1,0,0,0,0,1,1,1,0,2,1,0,0,0,0,0,0,0,0,0,0,0
"faire",0,0,3,0,1,0,2,2,1,0,0,0,5,1,1,2,1,1,1,0,1,4,5,2,2,7,3,4,4,1,5,4,5,8,4,3,2,7,2,4,4,1,7,9,4,4,7,9,7
"faisons",0,0,0,0,0,0,1,1,0,1,0,1,0,0,0,0,0,0,0,0,0,0,5,0,0,0,1,0,0,0,0,1,1,0,0,2,0,0,0,0,0,1,0,1,0,1,0,1,1
"fait",1,2,1,1,3,7,1,5,0,0,1,0,0,0,0,0,3,2,2,2,0,4,0,1,1,3,1,1,1,1,0,1,0,4,1,1,3,3,2,1,2,3,2,2,3,6,3,4,4
"famille",2,1,1,2,1,1,0,1,1,1,1,0,1,1,0,0,0,1,0,0,0,0,0,2,1,1,1,0,1,0,0,1,0,2,0,1,1,0,0,2,0,1,1,1,4,1,0,0,1
"familles",1,1,0,2,0,1,0,0,0,1,0,1,0,0,0,0,0,0,0,1,1,0,0,0,0,1,1,0,0,0,2,0,0,0,2,1,0,1,1,1,1,1,0,0,0,0,1,0,0
"femmes",1,0,0,1,1,0,1,1,2,0,0,0,0,0,0,1,0,0,0,0,0,1,0,2,1,1,0,0,0,1,0,0,0,2,0,0,0,0,0,0,0,0,0,3,0,2,0,2,1
"fidèle",0,0,0,0,0,0,0,0,1,0,0,0,0,0,0,0,0,0,0,0,0,1,1,0,0,2,0,0,0,0,0,0,1,0,0,0,0,0,1,0,1,0,1,0,1,1,0,0,0
"fier",0,0,1,0,1,1,0,0,0,0,0,1,0,0,0,0,0,0,0,0,0,1,0,0,0,0,0,0,0,0,0,1,0,0,0,0,0,0,0,2,0,1,0,0,2,0,1,0,0
"fiers",0,0,0,0,0,0,0,0,0,0,1,0,0,0,1,1,1,0,0,0,0,0,0,2,0,0,1,1,0,1,0,0,1,0,0,0,0,0,0,0,1,0,2,0,0,0,2,0,1
"fin",2,0,0,0,0,1,2,1,1,0,0,0,0,0,0,0,2,2,0,2,1,1,0,0,0,0,0,1,0,0,0,0,0,1,0,0,4,1,1,0,1,0,1,1,1,1,1,3,2
"fond",0,0,0,0,1,1,0,0,0,1,0,1,0,0,1,0,0,0,0,0,0,0,0,0,0,0,0,0,1,2,0,0,1,3,1,0,0,1,0,0,0,1,1,0,2,0,0,0,0
"font",1,0,0,0,0,0,1,0,0,0,0,0,0,0,1,0,1,0,0,1,0,0,1,0,0,1,0,0,2,2,1,0,2,0,1,0,0,2,0,0,1,0,0,1,1,2,1,0,0
"force",0,0,0,0,1,0,2,1,0,0,0,0,0,0,0,1,1,0,0,0,0,1,0,1,1,0,0,2,1,0,2,1,2,0,0,0,1,0,0,3,0,1,0,1,0,0,2,0,1
"forces",0,2,1,1,0,0,1,1,1,0,1,1,0,1,0,1,1,0,0,0,2,1,1,1,0,0,0,1,0,0,0,0,0,0,0,0,2,2,3,0,1,0,2,2,1,2,0,2,4
"formation",0,0,0,0,0,0,0,1,2,0,0,0,0,1,0,1,0,1,0,0,0,0,0,0,1,0,0,0,0,2,0,1,1,0,1,1,0,1,1,1,0,2,1,2,0,1,0,1,0
"forme",0,0,0,0,0,0,1,0,1,0,0,0,1,1,0,4,0,0,0,1,1,0,1,1,2,0,0,0,0,0,0,0,0,0,0,1,0,0,0,0,1,1,0,0,0,1,0,2,1
"fort",0,0,0,1,0,0,0,0,0,0,0,1,0,0,0,0,1,0,0,0,0,0,0,0,0,1,0,1,0,0,0,0,0,0,1,1,0,0,1,1,0,1,1,3,0,1,1,1,3
"forte",0,0,0,0,1,1,0,0,0,1,0,0,0,0,0,0,2,0,1,1,0,2,3,0,0,1,1,1,1,0,0,1,1,0,1,0,0,0,0,3,1,0,0,3,2,2,4,4,1
"forts",0,0,0,0,0,0,0,1,0,0,1,1,0,0,0,0,0,0,0,0,0,1,0,0,1,1,0,0,0,0,0,0,0,0,0,0,0,1,0,0,0,0,1,1,0,2,0,0,2
"français",0,0,0,0,0,0,6,3,3,1,4,1,1,1,3,1,2,1,3,4,4,5,6,4,2,3,7,8,7,4,2,1,3,5,4,3,6,1,2,3,1,5,3,3,5,6,7,4,2
"française",0,0,0,0,0,0,1,0,1,1,0,0,0,0,0,0,1,0,0,1,1,0,1,2,0,0,1,3,2,0,0,0,0,0,1,1,1,0,0,0,0,1,0,5,0,4,2,0,1
"françaises",0,0,0,0,0,0,3,2,3,0,0,0,0,0,0,0,0,0,0,0,0,0,0,0,0,1,0,1,0,2,1,0,0,1,0,1,0,0,0,0,0,2,1,0,2,1,2,1,0
"france",12,10,5,11,11,7,10,7,6,0,6,3,7,6,3,4,8,9,5,3,8,11,16,11,6,8,9,9,8,7,7,6,14,13,6,6,10,7,12,13,17,12,14,6,7,9,7,12,13
"françois",0,0,0,0,0,0,0,2,2,2,2,2,2,2,2,2,1,2,2,2,2,0,0,0,0,0,0,0,0,0,0,0,0,1,1,0,1,0,2,2,2,2,2,0,0,0,0,0,0
"fraternité",0,0,0,0,0,0,0,0,0,0,0,0,0,2,0,0,0,0,0,0,0,1,0,0,2,0,1,0,0,0,0,1,0,0,0,1,1,0,0,0,0,0,0,2,1,0,1,0,0
"frontières",0,0,0,0,0,0,0,0,0,0,0,0,0,1,0,1,0,0,1,0,0,0,0,1,0,0,0,0,0,1,0,0,1,0,0,0,0,1,0,1,0,1,1,0,1,0,0,1,4
"gagner",0,0,0,0,0,0,0,1,0,0,0,1,0,0,1,0,0,0,0,0,0,0,0,0,1,0,0,0,0,0,1,1,0,0,1,0,0,0,0,1,0,0,0,2,1,0,0,0,1
"gouvernement",1,0,0,0,1,0,0,3,3,0,0,0,1,0,1,1,0,1,2,0,2,3,2,1,0,0,0,0,3,4,5,1,3,2,1,2,1,1,3,1,2,2,1,5,2,4,1,1,5
"gouvernementale",0,0,0,0,0,0,0,0,0,0,0,0,0,0,0,0,0,0,0,0,0,0,0,0,0,0,0,0,1,1,1,1,1,0,0,0,0,0,1,1,1,0,0,1,0,1,1,1,1
"grand",0,0,0,0,0,0,3,0,2,0,0,1,0,0,0,0,0,1,1,2,2,1,1,0,0,1,0,0,2,2,0,0,0,1,0,2,2,0,0,0,2,1,1,4,0,1,0,0,0
"grande",0,0,0,3,0,1,0,1,0,0,1,0,0,0,0,0,1,0,0,0,0,1,0,0,1,0,0,2,0,2,1,1,0,1,0,1,1,0,1,2,2,1,1,1,2,1,1,0,1
"grandes",0,0,1,0,1,1,1,1,0,0,0,0,1,1,1,0,1,0,0,1,2,0,1,0,0,1,1,1,1,0,0,1,0,0,2,0,1,1,1,0,1,1,2,0,5,0,0,2,2
"grands",3,0,0,0,0,0,2,0,1,0,1,0,0,0,0,2,1,0,0,0,0,0,0,0,1,0,1,0,0,0,2,0,0,0,0,0,0,0,0,0,0,1,0,1,3,1,1,0,2
"guerre",0,0,0,1,0,3,0,0,1,0,0,1,0,0,1,1,2,3,1,1,1,0,0,0,0,0,0,0,1,1,0,0,1,0,0,0,0,1,0,1,0,1,1,0,0,0,0,0,1
"heureuse",0,1,0,1,0,1,1,0,0,0,0,2,0,0,0,1,1,1,1,1,0,1,1,0,1,1,2,2,1,2,1,0,0,0,0,0,0,0,0,0,0,0,0,0,0,0,1,0,0
"heureux",0,1,1,0,2,0,0,1,0,0,0,0,0,0,1,0,0,0,0,0,0,0,0,2,1,0,1,0,1,1,0,0,0,0,0,0,0,0,0,1,0,0,0,1,1,1,0,0,1
"histoire",0,0,0,0,0,0,1,3,0,0,1,0,0,1,1,3,1,1,0,1,0,2,0,1,1,1,2,1,0,0,0,1,0,0,0,0,0,1,0,1,2,1,2,1,0,2,2,1,1
"homme",0,0,0,0,0,0,0,0,1,0,0,0,1,0,1,1,0,0,0,1,0,0,0,0,1,3,0,0,0,0,0,0,0,1,1,1,1,0,0,1,1,0,0,0,1,0,0,1,0
"hommes",1,1,2,1,1,1,1,0,1,0,0,1,0,0,0,1,0,0,1,0,0,1,0,2,2,4,1,1,0,1,0,0,0,1,0,0,0,0,0,0,0,0,0,3,0,2,0,1,1
"identité",0,0,0,0,0,0,0,0,0,1,0,0,0,0,0,0,1,0,0,0,0,1,1,0,0,0,0,1,0,0,0,0,0,1,0,0,2,0,0,0,0,0,0,1,1,1,0,0,0
"indépendance",0,0,0,0,0,0,2,0,1,0,0,0,1,0,0,0,0,1,1,0,0,0,1,0,0,0,0,0,0,0,0,0,1,0,0,0,1,0,0,1,0,0,1,0,0,0,0,0,2
"initiatives",0,0,0,0,0,1,0,0,1,0,0,0,0,0,0,0,1,1,0,0,0,3,2,0,0,0,0,1,0,0,0,1,0,0,2,0,0,0,0,1,1,0,0,0,0,0,0,0,0
"institutions",0,0,0,0,0,0,1,0,0,1,0,1,0,0,0,0,0,1,0,0,0,0,0,1,0,0,0,0,0,0,0,1,0,0,0,1,0,1,0,0,0,0,0,0,1,1,0,0,1
"intégral",1,1,0,1,1,1,1,1,1,1,1,1,1,1,1,1,0,1,1,1,1,1,1,1,1,1,1,1,1,1,1,1,1,1,1,1,1,1,1,1,1,1,1,1,1,1,1,1,1
"intérêt",0,0,0,0,0,0,0,0,0,1,1,0,0,0,0,0,0,1,3,0,0,0,1,0,0,1,1,1,3,0,0,0,1,1,0,0,2,1,1,0,0,0,0,0,0,1,0,0,0
"intérêts",0,0,0,0,0,0,0,0,0,0,0,0,1,0,0,0,1,0,0,0,0,1,1,1,1,0,1,1,0,0,0,0,0,1,0,0,1,0,0,0,0,0,0,0,3,1,1,0,0
"internationale",0,0,0,0,0,0,0,0,0,0,0,0,1,0,0,0,0,0,0,1,0,0,1,0,1,0,1,0,1,0,0,0,1,1,0,0,0,0,0,0,0,0,1,0,0,1,0,1,0
"intervenants",1,1,0,1,1,1,1,1,1,1,1,1,1,1,1,1,0,1,1,1,1,1,1,1,1,1,1,1,1,1,1,1,1,1,0,1,1,1,1,1,1,1,1,1,1,1,1,1,1
"inventer",1,0,0,0,0,0,0,0,1,0,0,0,0,0,0,1,0,0,0,0,0,0,0,0,1,1,0,0,0,0,0,1,1,0,0,0,0,0,0,0,0,0,0,0,2,0,1,1,0
"investissement",0,0,0,0,0,0,0,0,0,0,0,0,0,0,0,0,0,0,1,0,0,1,0,0,0,0,0,0,0,0,1,0,0,0,1,2,0,0,1,1,1,0,1,0,1,0,0,1,0
"jacques",0,0,0,0,0,0,0,0,0,0,0,0,0,0,0,0,0,0,0,0,0,2,2,2,2,2,2,2,2,2,2,2,2,0,0,0,0,0,0,0,0,0,0,0,0,0,0,0,0
"jai",0,1,0,0,0,0,1,0,0,0,0,0,1,0,0,0,1,1,0,0,3,0,0,1,0,0,0,0,0,1,3,1,0,6,2,0,1,1,2,0,2,2,2,3,1,1,1,1,0
"jamais",0,0,0,0,0,0,0,1,1,0,1,0,1,2,0,0,0,1,1,0,2,2,1,3,0,2,2,0,0,2,0,1,2,1,1,0,2,1,0,2,1,4,2,1,1,1,2,2,3
"janvier",0,0,0,0,1,0,0,1,0,0,0,1,0,0,0,0,0,0,1,0,1,0,0,0,0,0,0,1,0,0,0,0,0,0,0,1,0,2,0,0,2,0,0,0,0,0,1,1,0
"jeunes",1,0,1,2,1,0,0,1,3,0,0,0,1,0,0,0,0,1,1,0,0,2,8,1,0,0,2,0,0,2,1,0,0,0,0,1,1,0,1,1,3,1,1,1,0,0,1,1,0
"jeunesse",0,0,0,0,0,0,0,0,1,1,2,0,0,1,0,0,1,0,0,1,0,0,0,0,0,0,0,0,0,0,0,0,0,0,0,0,0,0,1,0,2,0,1,0,0,2,3,1,1
"jour",1,0,0,0,1,0,0,0,0,0,1,2,0,2,0,1,0,0,0,0,0,2,1,2,0,1,2,0,0,0,0,0,0,2,1,0,2,0,0,0,1,0,1,2,2,6,1,4,3
"jours",0,0,0,0,2,0,1,0,0,0,0,0,0,0,0,0,0,2,1,0,1,0,0,0,0,1,0,1,0,0,0,0,0,0,0,0,0,0,0,0,0,1,1,1,1,1,4,1,0
"juste",0,1,2,0,0,0,1,2,0,0,0,0,0,0,0,0,0,0,0,0,1,2,2,0,0,0,0,1,1,1,0,0,1,0,1,0,0,0,0,0,1,1,0,1,1,2,0,0,8
"justice",1,0,0,0,0,1,0,0,1,0,0,0,0,0,0,1,0,1,1,0,0,1,1,0,0,1,0,0,4,1,1,1,1,1,1,3,2,1,4,2,1,1,1,0,1,4,0,0,1
"laïcité",0,0,0,0,0,0,0,0,0,0,0,0,0,0,0,0,0,0,0,0,0,0,0,1,0,0,0,0,0,1,0,1,1,0,1,0,1,0,0,1,1,0,0,0,0,1,2,1,1
"lannée",0,0,0,0,0,0,1,0,0,0,0,0,0,0,0,0,0,1,0,0,0,0,0,0,1,0,0,0,2,1,0,1,0,0,1,1,1,1,0,1,1,0,0,2,1,0,1,0,0
"leurope",0,0,0,0,0,0,0,0,0,0,0,0,1,0,0,1,0,1,0,0,0,1,0,1,2,0,2,0,0,0,1,1,0,0,0,1,2,0,0,0,0,1,0,0,0,0,0,0,0
"liberté",0,0,0,0,0,0,5,1,1,0,0,1,0,1,1,4,0,0,1,2,1,0,1,1,1,1,1,0,1,0,1,0,1,0,0,0,2,1,0,1,1,0,4,0,1,1,1,2,3
"libertés",0,0,0,0,0,0,4,2,0,0,0,0,0,0,0,0,0,0,0,0,0,0,1,1,1,1,1,2,0,0,0,0,0,0,1,1,0,0,0,0,0,0,0,0,0,0,0,1,0
"loi",1,0,0,0,0,0,0,1,0,2,0,0,0,0,0,0,0,0,0,0,0,1,1,0,1,0,0,0,0,2,2,1,0,0,0,1,2,0,1,2,5,0,0,1,1,0,0,0,2
"loin",0,1,1,0,0,0,0,0,0,0,0,0,0,0,0,1,1,1,0,2,1,1,2,0,0,0,0,0,1,1,0,0,1,1,0,0,1,0,0,0,0,0,0,1,2,1,0,0,0
"longtemps",0,0,0,0,0,0,0,0,0,0,0,0,1,0,0,0,0,0,1,1,2,1,0,1,1,1,0,0,1,0,2,0,0,1,1,1,0,0,1,0,0,0,0,1,0,2,0,0,2
"longue",0,0,0,0,0,0,0,0,0,0,0,1,1,0,0,1,0,0,0,1,1,2,2,0,1,0,0,1,0,0,0,0,0,0,0,0,0,0,0,1,0,0,0,0,0,0,0,0,1
"lutte",0,0,0,0,0,0,0,1,1,0,0,0,1,0,0,0,0,0,0,1,2,4,0,1,0,0,0,0,0,0,0,2,0,0,0,1,0,0,2,1,2,2,3,1,0,1,3,1,2
"lutter",0,0,0,0,0,0,0,0,0,0,0,0,0,0,0,0,0,0,0,0,0,0,1,1,0,0,0,0,0,0,2,1,0,0,0,0,0,0,0,2,1,1,0,0,2,2,0,1,1
"main",0,0,0,2,0,0,0,0,0,0,0,0,0,1,0,0,0,0,0,0,0,1,0,0,0,1,1,1,0,1,0,0,1,0,0,0,0,1,0,0,0,0,0,0,0,0,1,0,0
"maintenant",0,0,0,0,0,1,1,0,0,0,0,0,0,0,2,0,1,0,0,0,1,0,0,0,0,0,2,2,1,0,1,0,1,0,0,0,0,2,1,0,3,0,0,0,0,0,0,0,0
"malades",0,1,0,0,0,0,1,0,0,0,0,1,0,1,0,0,0,0,1,1,0,0,0,1,0,0,1,1,0,1,0,0,0,0,0,0,0,0,1,0,1,0,0,1,0,1,1,0,0
"meilleur",1,0,0,0,0,0,0,0,0,0,0,0,0,0,1,0,0,0,2,1,0,0,1,0,2,0,0,0,0,1,0,0,0,0,0,0,0,0,0,0,1,0,0,0,1,0,0,1,1
"mesure",1,0,0,0,0,0,1,0,1,0,0,1,0,0,0,0,0,0,0,0,0,0,0,0,0,1,1,0,0,1,0,0,0,0,1,0,0,1,0,0,1,1,0,0,0,2,0,0,0
"métropole",0,0,0,0,0,0,0,1,1,1,0,0,0,1,0,0,0,0,0,0,0,0,1,1,1,1,1,2,1,1,2,2,1,0,0,0,0,0,1,0,1,1,1,0,0,0,0,1,0
"mettre",0,0,0,0,0,0,0,0,0,0,0,0,0,0,0,0,0,0,1,0,0,3,0,0,0,0,1,0,0,0,0,0,1,2,0,0,0,0,0,1,1,1,2,1,0,1,1,0,1
"mieux",0,3,0,0,0,1,0,2,2,3,0,1,3,1,2,0,1,6,1,0,1,2,0,2,1,1,1,0,1,1,0,1,1,1,1,3,2,0,1,4,1,0,0,1,5,2,2,2,3
"millions",0,0,0,0,0,1,0,1,0,0,1,0,0,1,1,2,0,1,0,1,0,1,0,0,0,0,0,1,0,0,0,0,0,0,0,0,1,0,0,0,0,0,0,0,0,1,0,4,1
"ministre",0,0,0,0,0,0,0,0,0,0,0,0,0,0,0,0,0,0,0,1,1,2,0,1,0,0,0,0,1,0,0,0,1,0,1,1,1,1,0,0,1,0,0,3,1,0,1,1,0
"mis",0,0,0,0,0,0,0,0,0,0,0,0,0,0,0,0,0,0,0,1,0,1,0,0,0,0,0,1,1,0,0,0,0,1,0,0,1,0,1,0,0,0,0,0,0,0,1,1,2
"mise",0,0,0,0,0,0,0,0,0,1,0,0,0,0,0,0,0,0,1,0,1,0,0,0,0,0,1,0,0,0,0,0,0,0,0,1,0,2,0,2,1,0,1,0,0,0,1,1,0
"mission",0,1,0,0,0,0,0,0,0,0,2,0,1,0,0,0,0,0,1,1,0,0,0,0,0,0,0,0,1,0,1,0,0,0,0,0,0,0,1,0,0,0,0,1,0,0,1,0,0
"mitterrand",0,0,0,0,0,0,0,2,2,2,2,2,2,2,2,2,1,2,2,2,2,0,0,0,0,0,0,0,0,0,0,0,0,0,0,0,0,0,0,0,0,0,0,0,0,0,0,0,0
"mobilisation",0,0,0,0,0,0,0,0,0,0,0,0,0,1,0,0,0,0,0,0,0,2,0,0,0,0,1,0,1,1,0,0,1,0,0,0,0,0,1,1,0,1,0,0,0,1,0,0,0
"modèle",0,0,0,0,0,0,0,0,0,0,0,0,0,0,0,1,0,0,0,0,0,0,0,0,0,0,0,1,0,0,0,0,0,0,0,1,2,1,0,1,1,0,1,0,0,2,0,0,1
"mois",2,0,0,0,1,0,0,1,1,0,1,1,1,1,0,1,1,3,2,1,2,1,1,1,0,0,0,0,1,1,0,3,1,3,0,0,0,2,1,2,3,0,2,5,3,2,4,3,9
"moment",2,1,0,0,0,1,3,0,0,0,0,1,0,0,0,0,1,0,0,1,1,1,0,0,0,2,1,2,0,1,0,0,0,0,2,2,1,1,2,0,0,0,1,1,0,2,0,6,2
"monde",6,2,2,4,3,3,8,2,5,1,1,2,2,1,2,1,2,2,1,1,2,5,1,0,7,6,3,5,5,2,2,1,7,8,5,2,2,3,1,3,4,2,3,2,4,2,0,2,3
"mondiale",0,1,0,0,0,0,0,0,0,1,0,0,0,0,0,1,1,0,0,0,0,0,0,0,0,0,2,0,0,0,0,1,2,0,2,1,0,2,0,0,0,0,0,0,1,0,0,0,0
"mot",0,1,0,0,0,1,0,0,2,0,1,0,0,0,0,0,0,0,1,0,0,0,0,0,0,0,0,0,0,0,0,1,0,0,0,1,0,0,0,0,1,0,1,0,1,0,0,0,0
"moyens",0,0,0,0,0,0,0,2,3,0,0,0,2,0,1,0,0,0,0,1,1,0,0,0,0,1,1,0,0,2,3,0,0,0,1,1,2,0,0,0,1,1,1,0,0,1,0,0,2
"nation",0,0,0,0,0,0,1,1,1,1,0,0,0,0,0,0,0,0,0,1,0,1,3,3,1,5,0,3,3,2,3,0,0,0,0,0,1,1,1,1,1,0,0,7,3,5,5,4,9
"national",0,0,0,0,0,0,0,0,2,1,0,0,0,0,0,0,0,1,0,0,1,0,1,0,0,0,0,0,0,1,0,0,0,0,0,0,0,0,0,1,0,0,0,3,1,4,0,1,2
"nationale",2,0,0,0,0,0,1,1,1,0,0,1,0,1,2,0,0,0,1,1,1,0,2,0,0,0,3,5,2,1,0,0,0,0,0,0,0,0,1,0,2,1,1,2,0,3,1,1,4
"nations",1,0,0,0,2,0,0,0,0,0,0,0,0,0,0,1,2,1,2,1,0,0,0,0,0,1,0,1,1,0,2,0,0,0,0,0,0,0,0,0,0,0,0,1,0,0,0,1,0
"nécessaire",0,0,0,0,0,0,2,1,0,1,0,0,0,0,0,0,0,0,0,0,0,1,1,0,0,1,1,0,2,0,0,0,0,0,1,0,0,0,0,0,0,1,0,1,1,0,0,1,0
"nécessaires",0,0,0,0,0,0,0,0,0,0,0,0,0,1,0,0,0,0,0,0,1,0,1,1,0,0,0,1,1,0,1,0,0,0,0,0,0,0,0,0,0,0,1,2,1,0,1,1,1
"nom",2,2,0,0,0,0,2,1,0,0,0,0,1,1,1,0,0,1,0,0,1,3,1,0,0,2,0,1,0,0,2,0,0,0,1,0,0,1,1,1,0,2,0,0,1,1,1,1,1
"nombre",1,0,0,0,0,0,0,0,0,0,0,0,0,0,0,0,1,0,0,1,1,0,0,0,0,1,0,0,1,0,0,0,1,0,0,0,1,0,0,0,0,0,1,1,4,2,0,4,1
"nombreux",0,0,0,0,0,0,0,0,0,0,0,0,0,1,0,0,0,0,0,0,1,0,1,0,0,0,0,2,0,0,0,0,0,0,0,1,1,0,1,0,1,0,0,1,0,0,1,0,0
"non",0,0,0,0,0,0,0,0,0,0,0,0,0,0,0,1,0,0,0,1,0,2,2,0,1,0,0,0,0,0,1,1,0,1,1,0,0,1,2,1,1,0,2,1,1,1,1,3,1
"nôtre",0,0,0,0,0,0,0,2,1,1,1,1,0,0,1,1,0,1,0,0,1,0,1,0,0,0,0,0,0,0,1,0,0,0,0,0,0,0,1,0,0,0,0,0,0,2,0,0,0
"nousmêmes",0,0,0,0,0,0,0,0,1,0,0,0,0,0,0,0,0,0,0,0,0,0,0,0,0,0,1,0,0,0,0,3,1,0,0,0,0,0,0,1,1,1,0,1,2,0,0,1,0
"nouveau",2,0,0,0,1,3,0,0,0,0,0,0,1,0,1,0,0,0,0,2,1,0,1,0,1,1,1,0,0,0,0,0,2,0,2,2,0,3,0,0,0,0,0,0,0,2,1,3,3
"nouveaux",0,0,0,0,0,0,0,1,1,0,0,0,0,0,0,0,0,0,0,0,0,0,1,0,0,0,3,0,0,4,1,0,1,0,0,0,0,0,0,0,0,0,1,1,0,5,1,1,2
"nouvel",1,1,0,1,0,0,0,2,1,0,1,1,0,1,1,0,1,1,0,0,2,0,0,0,0,1,2,1,1,0,0,0,0,0,0,1,0,0,0,0,0,0,0,0,0,0,0,0,0
"nouvelle",1,1,1,0,0,0,1,0,0,1,0,1,0,0,1,0,1,0,1,1,2,3,1,3,2,0,2,2,0,1,3,1,1,3,0,1,0,2,1,5,1,2,1,1,0,4,0,3,1
"nouvelles",0,0,0,0,0,0,0,0,1,0,0,0,0,0,0,1,0,0,0,0,0,2,0,2,4,0,3,1,0,1,0,0,1,0,0,2,0,0,1,0,1,1,1,1,5,1,0,2,2
"numérique",0,0,0,0,0,0,0,0,0,0,0,0,0,0,0,0,0,0,0,0,0,0,0,0,0,0,0,0,0,0,0,1,0,0,0,1,0,0,0,1,1,1,1,1,0,1,1,0,1
"occasion",0,0,0,0,0,0,1,1,2,1,1,2,1,1,2,1,0,0,0,0,1,0,0,0,1,0,1,0,2,0,0,0,1,0,0,0,0,0,0,1,0,0,0,0,1,0,0,0,1
"oeuvre",0,0,0,0,0,0,0,0,1,0,0,0,0,0,0,0,1,0,1,0,1,0,0,0,1,0,1,0,0,0,1,0,0,3,0,1,0,0,0,0,0,1,0,1,0,0,1,1,0
"ordre",0,0,0,0,0,0,0,1,2,0,0,0,0,0,0,0,0,0,0,1,0,1,1,0,0,1,1,1,0,0,0,0,0,0,0,1,0,0,0,0,1,0,0,1,2,0,1,2,1
"oui",0,0,0,0,0,1,0,0,1,1,1,1,0,0,0,0,0,0,0,0,1,1,0,0,1,0,0,1,0,0,0,0,1,0,0,0,0,0,0,1,0,1,0,1,1,2,2,1,2
"outremer",0,0,0,0,0,0,0,1,1,2,0,0,0,1,0,0,0,0,0,0,0,0,1,0,1,1,1,2,1,1,2,2,1,0,0,1,0,0,1,1,1,1,1,1,1,2,1,1,1
"ouvre",0,0,1,0,0,0,0,0,0,0,0,0,0,0,0,0,0,0,0,0,0,0,0,0,1,0,0,1,0,0,0,0,1,1,0,0,0,0,1,0,1,0,0,3,2,3,1,0,2
"paix",0,0,1,1,2,4,1,3,1,0,1,1,2,3,1,1,3,3,0,3,1,3,0,1,0,1,2,1,2,1,3,1,3,1,2,1,1,0,0,1,1,0,1,2,1,1,0,0,2
"palais",0,0,0,1,1,1,1,1,1,1,1,1,1,1,0,0,0,0,0,0,0,0,0,0,0,0,0,0,0,0,0,0,0,0,1,0,0,0,0,0,0,0,0,0,0,0,0,0,0
"paris",0,0,0,0,0,1,1,3,1,2,1,2,1,1,0,1,2,1,1,2,2,1,1,1,1,1,1,1,1,1,1,2,2,1,1,0,0,0,0,1,2,3,2,1,2,3,1,1,1
"parlement",1,0,0,0,0,0,0,1,0,0,0,0,0,0,1,0,0,0,1,0,0,1,0,0,0,0,0,0,0,1,0,0,0,0,0,0,0,0,0,1,1,2,0,1,1,0,0,0,1
"parler",2,0,0,1,0,0,0,0,1,1,0,0,1,0,0,0,0,0,0,0,0,0,0,0,0,1,0,0,0,0,1,0,0,2,0,0,0,0,0,1,0,0,1,0,4,0,0,0,1
"part",0,0,0,0,0,0,1,0,0,0,0,0,0,1,1,0,1,0,0,0,0,1,1,0,0,3,0,1,1,0,0,0,1,0,0,0,1,0,0,0,0,0,1,2,1,0,0,1,1
"partenaires",0,0,0,0,0,0,0,0,0,0,0,0,0,0,1,0,0,0,0,0,0,1,2,0,0,0,0,0,1,2,1,3,0,0,0,1,2,2,1,2,1,0,0,2,0,0,0,0,1
"particulier",1,0,0,0,0,0,1,0,0,0,0,0,0,0,0,0,0,0,0,0,1,0,0,0,0,0,0,0,0,1,1,0,1,0,1,3,1,1,0,0,0,0,0,1,0,2,1,2,2
"passe",0,0,0,2,1,0,1,1,0,0,0,0,0,0,0,0,0,0,0,0,1,0,0,0,0,0,0,0,0,1,0,0,0,0,0,0,0,1,0,0,0,0,0,0,1,0,1,0,1
"patrie",0,0,0,0,0,0,0,1,0,0,2,0,1,0,1,0,1,0,0,0,0,0,0,1,0,0,0,1,0,0,0,0,0,0,0,0,0,0,0,0,1,4,0,1,1,0,0,1,0
"pauvres",0,1,0,0,0,0,0,2,0,0,0,0,0,1,1,0,0,0,1,0,0,0,0,0,0,0,1,0,1,0,0,0,1,0,0,1,0,0,0,0,0,0,0,0,0,0,0,1,0
"pauvreté",0,0,0,0,0,0,0,0,0,0,1,0,1,1,1,1,0,0,0,0,1,0,0,0,0,1,0,0,0,0,0,0,0,0,0,0,0,0,0,1,0,0,0,0,1,0,1,0,0
"pays",3,2,0,2,3,2,10,5,2,0,1,1,0,3,3,4,3,4,2,5,1,7,4,2,2,1,1,1,2,1,2,2,4,5,2,4,2,4,3,9,5,1,6,13,9,6,6,8,11
"peine",0,0,0,0,0,0,0,0,0,0,0,0,1,0,0,1,0,0,0,0,0,0,0,1,0,1,0,1,1,1,0,1,0,0,0,0,2,0,0,1,0,0,1,0,0,0,0,1,0
"pense",5,0,0,2,1,0,0,2,1,5,0,0,0,0,0,0,0,1,0,1,1,0,1,0,1,3,1,1,0,0,0,2,1,4,2,1,0,1,0,3,2,0,2,1,3,0,0,0,0
"pensée",0,0,0,0,0,0,0,0,0,0,0,0,0,1,0,0,1,0,0,1,1,1,0,2,0,0,1,1,0,0,0,0,0,1,0,1,1,0,1,0,1,1,0,2,0,2,2,2,0
"permettre",0,0,0,0,0,0,0,0,0,0,0,0,0,0,0,0,0,0,0,0,0,0,0,0,1,0,1,0,0,1,3,0,0,0,0,2,0,0,1,0,0,0,0,4,3,3,4,2,1
"permis",0,0,0,0,0,1,0,0,0,0,0,0,0,0,0,1,0,0,0,0,0,0,0,0,0,0,0,0,0,0,0,0,0,1,1,1,1,1,0,0,0,0,0,1,0,0,3,0,2
"personne",0,0,0,0,0,0,0,0,1,0,0,0,0,1,1,1,0,0,1,0,1,0,0,1,0,0,0,1,1,0,1,0,0,1,0,1,0,1,0,0,0,0,1,0,0,1,1,0,0
"personnes",1,1,1,0,0,1,0,0,1,0,0,1,0,0,0,0,0,0,0,0,0,1,0,0,1,0,0,0,0,2,1,0,1,0,0,0,0,0,1,1,3,2,0,0,1,1,1,0,0
"peuple",1,1,3,0,0,2,0,2,1,0,0,2,0,2,1,1,1,0,0,0,1,1,1,1,0,0,0,1,0,0,1,0,1,0,1,0,1,0,0,0,1,0,1,4,3,3,1,1,0
"peuples",0,0,0,1,0,0,1,2,1,0,0,1,1,0,1,3,1,2,1,3,1,0,0,0,1,1,0,0,0,0,0,0,0,1,0,0,0,0,2,0,0,0,0,0,1,0,0,0,0
"place",2,0,0,0,0,0,0,0,1,2,0,1,0,0,1,0,1,2,2,0,0,1,0,0,0,2,0,2,1,1,3,0,3,0,2,0,0,1,1,0,0,0,0,1,2,0,1,3,5
"plan",0,0,0,0,0,0,0,0,2,0,0,0,0,0,0,0,0,0,0,0,2,0,0,0,0,0,0,0,0,0,0,0,0,0,2,1,0,0,0,0,2,1,0,3,1,1,1,1,3
"planète",0,0,0,0,0,0,0,0,0,0,0,0,0,0,0,0,1,0,0,1,0,0,0,0,1,1,1,1,0,0,1,0,0,0,0,0,1,0,0,1,3,2,0,0,0,1,0,0,1
"pleinement",0,0,0,0,0,0,0,0,0,0,0,0,0,0,0,0,0,0,0,0,0,0,0,0,0,0,0,1,1,0,0,1,1,0,1,0,0,0,0,0,0,0,1,4,1,0,2,0,1
"politique",2,1,0,1,2,2,0,3,3,0,0,0,4,2,2,1,1,0,2,1,1,0,0,1,1,0,1,0,0,1,0,3,3,4,0,0,0,1,1,2,1,0,2,8,1,3,1,1,2
"politiques",0,0,1,0,0,1,1,0,0,0,0,0,0,0,0,1,0,0,1,0,0,0,0,0,1,0,0,0,0,0,0,0,1,0,0,0,0,0,0,0,0,0,2,1,0,0,0,1,0
"possible",1,0,0,1,0,0,0,0,1,0,0,0,0,2,0,1,1,1,1,0,0,3,0,0,2,0,1,0,1,1,0,0,0,2,1,0,0,0,0,1,1,0,0,0,0,1,1,0,1
"poursuivre",0,0,1,0,0,1,0,0,0,0,0,0,0,0,0,1,0,0,0,0,0,0,1,0,0,1,1,0,0,1,3,0,0,0,0,0,0,0,0,0,0,0,0,0,2,2,1,1,0
"pourtant",2,1,1,0,0,0,0,0,1,0,0,0,0,0,0,0,1,2,0,0,0,0,1,0,1,2,0,0,0,0,0,0,0,0,0,0,1,1,0,0,0,0,0,0,0,0,1,0,2
"pouvoir",0,1,0,0,0,0,0,3,1,0,0,1,0,0,0,0,0,0,2,0,1,0,0,0,0,0,0,1,0,0,1,2,2,1,0,3,1,3,0,2,0,0,0,1,2,2,1,1,0
"pouvons",1,0,0,0,0,0,1,0,0,0,0,0,0,0,0,0,0,0,0,0,0,1,0,2,0,0,1,1,1,0,1,0,1,1,0,0,1,3,1,1,0,0,0,3,2,0,1,1,0
"premier",0,1,0,0,0,0,1,0,0,0,2,0,0,0,1,1,1,0,1,1,3,2,0,3,1,0,0,1,2,0,0,0,3,0,2,1,2,1,1,1,1,1,0,3,3,0,1,2,0
"première",0,0,0,0,0,0,0,1,0,0,0,1,0,1,1,0,0,0,0,1,1,1,0,2,1,0,0,0,1,0,3,0,0,1,0,1,1,0,1,1,1,2,0,1,0,1,2,0,0
"prendre",0,0,1,0,0,0,0,0,0,0,0,1,0,0,0,0,1,0,1,0,0,2,1,1,0,4,0,0,0,0,0,0,0,0,1,2,0,1,1,0,0,4,1,0,2,2,1,6,0
"présentation",0,0,0,0,0,0,2,1,1,1,1,1,1,1,1,1,1,1,1,1,1,1,1,1,1,1,1,1,1,1,1,0,0,0,0,0,0,0,0,0,0,0,0,0,0,0,0,0,0
"préserver",0,0,0,0,0,0,0,0,0,0,0,1,0,0,0,0,0,0,1,0,0,1,1,2,0,0,0,0,0,0,1,0,0,0,1,0,1,3,0,0,2,0,1,0,0,1,1,1,0
"président",0,0,0,0,0,0,1,1,1,2,1,1,1,1,1,1,1,1,1,1,2,1,1,1,1,1,1,1,1,1,1,1,1,3,2,1,1,1,1,1,1,1,2,3,1,3,2,3,2
"preuve",0,0,0,0,0,0,0,0,0,0,0,0,0,0,0,0,0,0,0,0,0,1,1,0,0,0,0,0,1,0,0,1,0,0,1,1,0,1,0,0,2,1,1,0,0,0,0,1,0
"principes",0,0,0,0,0,0,0,0,0,0,0,0,0,1,1,1,1,0,0,0,0,0,0,0,0,0,0,0,1,0,0,1,0,0,0,0,1,0,1,0,1,1,0,0,0,1,0,2,0
"priorités",0,0,0,0,0,0,0,0,0,0,0,0,0,0,0,0,0,0,0,0,0,0,0,0,1,0,0,0,0,3,1,1,1,1,0,0,0,0,1,1,1,0,0,1,1,1,1,1,1
"pris",1,0,0,0,0,0,0,0,0,0,0,0,0,0,1,0,0,0,0,0,0,1,0,0,0,1,1,0,0,0,1,0,0,3,1,0,0,0,1,1,0,0,0,1,0,1,1,1,1
"prix",0,0,0,0,0,2,0,0,0,0,0,0,0,0,0,1,0,0,1,0,0,0,0,0,1,1,0,2,0,0,0,0,0,0,0,0,0,1,0,1,1,0,0,1,0,1,0,0,5
"prochain",2,0,0,0,0,0,0,1,0,0,1,1,0,0,0,0,1,1,0,0,2,0,0,0,0,0,0,0,0,0,0,0,2,0,1,0,0,1,0,2,1,0,0,0,1,1,0,2,0
"professionnelle",0,0,0,1,1,0,0,1,1,0,0,0,0,0,1,1,0,0,0,0,0,0,1,0,0,0,1,0,0,1,1,0,0,0,1,2,0,0,1,1,0,1,0,0,0,0,0,0,0
"progrès",0,0,0,0,0,0,3,0,0,0,0,0,0,0,0,0,0,0,0,1,0,2,1,0,2,7,4,1,1,1,1,1,2,0,0,0,0,0,0,0,1,0,2,0,0,4,2,2,0
"projet",0,0,0,0,0,0,0,0,0,0,0,0,0,0,0,0,0,0,1,0,0,1,1,0,0,0,0,0,0,1,2,3,1,0,0,0,0,0,0,0,0,0,0,3,7,4,0,0,0
"prononcé",1,1,1,1,1,1,1,1,2,1,1,1,1,1,1,1,1,1,1,1,1,1,1,1,1,1,1,1,1,1,1,1,1,1,1,1,1,1,1,1,1,1,1,1,1,1,1,1,1
"protection",0,0,0,0,0,0,0,0,0,0,0,0,0,1,0,1,0,0,0,1,0,2,1,1,0,0,0,1,1,0,0,1,0,0,0,1,2,2,1,0,0,2,1,1,0,0,1,0,0
"publics",0,0,0,0,0,0,0,0,0,1,0,0,0,0,0,0,0,0,0,0,1,1,1,1,2,1,1,2,1,0,1,1,0,0,0,1,0,1,2,1,0,0,2,1,1,1,0,1,2
"publique",1,0,0,0,0,0,0,1,0,0,0,0,0,0,0,1,0,0,1,0,1,0,0,0,0,0,0,0,0,0,0,0,0,0,0,0,0,0,1,1,0,0,0,0,1,0,0,2,1
"puis",1,0,0,0,1,0,0,0,1,1,1,0,0,0,0,0,0,1,0,1,0,0,0,1,1,0,1,0,0,0,0,1,0,0,0,0,0,1,0,0,0,1,1,0,0,1,1,1,1
"puissance",0,0,0,0,0,0,1,0,0,0,0,2,0,0,0,0,0,0,0,1,0,1,0,1,0,0,2,1,0,2,0,0,1,0,0,0,0,0,0,0,1,0,0,1,0,0,0,0,1
"puisse",0,0,0,0,0,0,0,0,0,0,1,0,0,0,1,0,0,0,0,0,0,1,0,0,0,0,0,0,0,0,0,1,0,1,0,0,0,1,0,0,2,2,0,0,2,1,0,0,1
"radiotélévisée",0,0,0,0,0,0,0,0,0,0,0,0,0,0,0,0,0,0,1,1,0,0,1,1,0,1,1,1,1,1,1,1,0,0,0,0,0,0,0,0,0,0,0,0,0,0,0,0,0
"raisons",0,0,0,0,0,0,0,0,1,1,0,0,0,1,1,1,0,0,0,0,0,1,0,1,0,0,0,0,0,0,0,0,0,0,0,0,0,1,0,0,1,0,0,0,0,0,1,1,1
"rang",0,0,1,1,0,0,2,0,0,0,0,0,0,0,0,1,1,0,0,0,1,0,1,1,0,0,0,1,1,0,0,0,0,1,0,0,0,0,0,1,0,0,1,0,1,0,0,0,0
"recherche",1,0,0,0,0,1,0,0,2,0,0,0,0,1,0,0,0,1,0,0,0,0,0,0,0,0,0,1,1,1,1,0,2,0,1,2,1,0,1,0,0,0,0,1,0,1,1,1,0
"réforme",0,0,0,0,0,0,0,4,0,1,0,0,0,0,0,0,0,1,0,0,0,1,3,0,0,0,0,0,2,0,3,1,0,0,3,1,1,1,0,2,1,1,0,0,0,1,0,2,4
"réformes",0,0,0,0,0,0,0,3,0,2,0,1,0,0,0,0,0,0,0,0,0,1,0,0,0,0,1,1,4,1,0,1,1,2,2,2,2,2,1,1,1,1,0,0,1,0,1,1,1
"règles",0,0,0,0,0,0,0,0,0,0,0,0,0,0,0,0,0,0,0,0,0,0,0,1,0,1,0,1,0,0,0,1,1,0,0,0,0,0,0,1,1,0,0,6,2,0,0,0,1
"rendre",1,0,0,0,0,0,0,0,0,0,0,1,0,0,0,0,0,1,0,0,0,1,1,0,1,0,1,0,0,1,1,0,0,1,0,2,1,1,0,0,0,0,1,2,2,1,0,1,0
"renforcer",0,0,0,0,0,0,0,0,1,0,0,0,0,0,0,1,0,0,0,0,0,0,0,0,0,0,0,0,0,0,3,1,0,0,0,0,1,0,0,0,0,1,0,1,0,1,1,1,1
"république",0,0,0,0,0,0,3,3,2,2,2,2,3,3,4,3,2,3,2,5,3,2,4,4,2,1,2,5,2,2,3,10,2,2,3,3,2,2,2,4,3,4,4,4,4,6,4,4,3
"respect",0,0,0,0,0,0,1,1,0,0,0,0,0,0,0,0,0,0,1,0,0,0,3,0,1,1,1,0,3,1,0,3,3,2,0,0,4,0,1,1,0,1,1,1,4,2,0,1,1
"responsabilité",0,0,0,0,0,0,0,1,0,0,0,0,1,0,0,0,0,1,1,0,0,2,1,0,0,2,1,0,3,2,1,0,0,1,2,0,2,0,0,2,2,1,1,0,1,1,1,1,1
"responsabilités",0,0,0,0,0,0,0,0,1,0,0,0,0,1,0,0,0,0,0,0,0,0,0,1,0,1,0,2,0,1,0,0,1,1,0,1,0,2,1,2,1,1,0,0,0,0,0,0,1
"responsables",1,0,0,0,0,0,2,0,0,0,0,0,0,0,0,0,0,0,1,1,0,0,1,0,2,1,0,0,0,0,0,0,1,0,0,0,1,1,0,0,0,0,0,0,0,0,0,0,0
"reste",0,0,0,0,0,0,0,0,0,0,0,0,0,0,1,2,1,3,0,1,0,0,1,1,0,0,0,1,0,0,0,0,0,1,1,2,0,0,0,2,1,2,1,1,0,0,0,0,0
"rester",0,1,0,0,0,0,1,0,0,0,0,0,0,0,1,0,0,0,0,0,0,0,1,0,0,0,1,0,0,0,0,1,0,1,0,1,0,0,0,0,0,0,0,0,0,1,0,0,1
"retraite",0,0,0,0,0,0,0,2,1,0,0,1,0,0,0,0,0,0,0,0,0,0,0,0,0,0,0,0,1,0,0,0,0,0,0,0,1,0,1,0,1,0,0,0,1,3,2,1,3
"retraites",0,0,0,0,0,0,0,0,0,0,0,0,0,0,0,0,0,0,0,0,0,0,0,0,1,0,1,1,2,1,0,0,1,0,0,1,0,1,0,1,0,0,0,0,0,2,0,0,2
"retrouver",0,0,0,0,0,0,0,0,0,0,0,0,0,0,0,0,0,0,0,0,0,1,0,0,1,1,0,1,0,1,2,1,0,0,0,0,0,0,1,0,1,0,0,5,3,0,1,0,0
"réussir",0,0,0,0,0,0,0,0,1,0,0,0,2,0,1,0,0,0,0,0,0,0,0,0,2,0,0,2,1,0,0,2,0,0,0,1,0,0,2,1,0,1,0,3,0,0,1,0,1
"rien",0,0,0,0,0,1,0,0,0,0,2,1,0,1,1,0,3,0,0,1,1,1,0,0,0,2,2,0,1,1,0,0,0,1,0,0,2,0,2,1,0,0,1,3,2,2,2,2,1
"risques",1,0,0,0,0,0,0,0,0,0,0,0,0,0,0,0,0,0,0,0,1,0,0,0,0,0,1,1,1,0,1,0,0,0,0,0,0,1,0,0,0,1,0,0,0,1,1,0,0
"rôle",0,0,0,0,0,0,1,0,0,0,0,0,1,1,0,1,2,0,1,0,2,1,2,2,0,1,1,2,0,0,0,0,0,3,0,0,0,0,0,0,0,0,1,0,1,2,0,0,1
"salariés",0,0,0,0,0,0,0,2,0,0,0,1,0,0,0,0,0,0,0,1,1,0,0,0,0,0,1,0,0,3,0,0,0,0,0,0,2,0,2,0,1,0,1,1,0,3,1,0,0
"santé",0,0,0,0,0,0,0,0,0,0,0,0,0,0,0,0,0,1,0,0,0,0,0,0,0,1,2,0,1,1,0,0,0,0,0,0,0,0,1,0,1,1,2,1,0,1,1,1,3
"sécurité",0,0,0,0,0,0,0,3,2,0,1,0,0,0,0,1,3,1,2,2,0,1,1,1,3,3,3,0,1,0,0,0,3,0,1,1,0,0,0,2,1,2,2,1,1,3,1,1,2
"sens",0,0,1,0,3,1,0,0,0,0,0,0,0,0,0,0,1,1,1,0,0,0,0,0,0,3,1,0,1,2,0,1,0,1,0,2,0,0,2,1,2,0,1,0,3,3,1,0,2
"service",0,2,0,0,0,0,0,0,0,0,0,0,0,0,0,0,0,0,0,1,0,1,0,1,0,1,0,2,1,2,4,2,1,4,0,1,2,0,1,1,1,1,0,0,1,1,0,1,2
"services",0,0,0,0,0,1,0,0,0,0,0,0,0,0,1,0,0,0,0,0,0,1,0,0,0,1,0,1,1,0,1,0,0,0,0,0,0,1,0,0,0,1,1,1,1,1,1,2,2
"seul",0,0,1,0,0,0,0,0,1,0,1,0,0,0,0,0,1,2,0,0,0,0,0,0,0,0,1,0,0,0,0,0,0,0,0,0,0,0,3,0,1,0,1,0,0,0,0,1,0
"seule",0,0,0,0,0,0,0,1,0,0,0,0,1,0,2,1,1,0,0,0,0,0,0,0,0,0,0,0,1,0,1,0,0,0,0,0,2,1,0,0,0,0,0,0,0,1,0,1,0
"seulement",0,0,0,1,0,0,0,0,0,0,0,0,0,0,1,0,0,0,0,0,2,0,0,1,1,0,1,1,0,0,0,0,0,1,0,0,0,1,0,1,0,0,0,0,0,0,2,1,0
"seuls",0,0,0,0,1,0,0,0,0,0,0,1,0,1,0,1,0,0,0,1,1,0,0,1,1,0,1,1,0,1,0,0,0,1,1,0,0,0,0,0,0,0,0,2,0,1,0,0,1
"siècle",0,0,0,0,0,0,0,0,0,0,1,0,0,0,0,0,1,0,0,1,1,0,0,0,1,7,0,2,0,0,1,1,0,1,0,0,0,0,0,0,0,0,0,0,1,0,0,0,1
"simplement",0,0,0,0,0,0,1,1,0,1,0,0,0,1,0,0,0,0,0,0,0,2,0,0,1,0,1,0,0,0,0,0,0,2,0,0,0,0,0,0,0,0,0,2,1,0,1,1,0
"situation",0,0,0,0,0,1,0,0,0,0,0,1,1,0,0,0,1,1,0,1,1,0,0,0,0,1,1,1,1,1,0,0,0,0,1,0,0,0,1,1,0,0,1,4,2,3,2,2,2
"social",0,0,0,0,0,1,0,0,0,0,0,0,0,0,0,1,0,0,0,2,1,2,4,0,0,0,0,1,0,2,0,0,3,2,0,1,1,0,0,1,2,1,2,1,1,4,0,0,3
"sociale",1,0,0,0,0,0,0,2,1,0,0,1,1,2,1,0,0,2,0,3,1,4,1,0,0,1,1,0,0,2,1,3,1,0,0,0,0,2,1,2,1,1,1,3,0,2,1,0,2
"sociales",0,0,0,0,0,0,0,1,1,0,0,1,0,0,0,0,0,0,0,0,1,2,0,0,1,0,0,0,0,0,1,0,0,0,0,0,0,1,0,0,0,0,0,1,0,0,2,1,0
"sociaux",0,0,0,0,0,0,0,0,0,0,0,0,0,0,0,0,0,0,2,0,0,0,2,0,0,0,0,0,0,2,2,1,1,0,0,1,0,1,1,2,1,0,1,0,1,0,0,0,1
"société",0,0,0,0,0,0,2,1,1,0,0,0,0,1,1,1,0,0,1,0,0,0,2,1,0,3,1,4,0,0,6,2,2,2,0,0,0,0,1,0,2,2,1,2,6,2,1,0,5
"soir",5,1,3,3,1,0,2,0,2,0,1,1,1,1,1,0,1,0,1,1,1,1,1,1,3,3,1,1,0,1,3,0,1,1,0,2,0,1,1,1,4,3,2,5,2,5,5,5,3
"soldats",0,0,0,0,0,0,0,0,0,0,0,0,0,0,0,0,2,1,1,2,1,0,0,0,0,0,0,0,0,0,1,1,1,1,1,1,1,1,1,1,1,1,1,0,0,1,0,0,1
"solidaire",0,1,0,0,0,0,0,0,1,0,0,1,0,0,0,0,0,0,0,0,0,0,0,0,0,1,0,1,0,1,1,0,0,0,0,0,0,0,0,1,0,0,0,0,0,0,3,0,1
"solidarité",0,0,0,0,0,0,0,1,1,1,0,0,0,1,0,0,1,1,2,0,0,2,2,1,3,5,5,7,4,2,1,0,0,1,2,0,0,2,2,3,1,1,0,2,0,3,0,2,4
"solitude",1,0,0,0,1,1,1,1,0,0,1,0,1,0,0,0,1,0,0,0,0,0,0,0,0,0,1,0,0,0,1,1,1,1,0,1,0,0,1,0,0,0,0,2,0,0,0,1,0
"sorte",0,0,0,0,1,0,0,0,0,0,1,0,1,0,0,0,0,0,0,0,0,0,1,0,0,0,0,0,0,1,0,0,0,0,1,0,0,1,0,0,0,0,0,1,0,1,0,0,1
"sortir",0,0,1,0,0,0,0,1,1,0,0,0,0,0,0,0,1,0,0,0,0,0,0,0,0,0,0,0,0,0,0,0,0,0,2,0,0,1,1,1,1,0,1,0,0,0,1,1,3
"souffrent",0,0,0,0,0,1,0,1,0,0,1,1,0,0,1,0,0,0,1,0,2,1,0,0,0,1,0,0,0,0,0,0,0,1,0,0,0,1,0,0,0,0,1,1,0,0,1,0,0
"souhaite",7,5,5,5,2,0,1,2,1,1,1,1,3,1,2,1,1,1,1,1,1,3,1,2,1,1,4,1,1,1,1,0,0,1,0,1,0,0,0,0,1,0,0,1,1,1,1,0,2
"succès",0,0,0,0,0,0,0,0,0,0,0,0,0,0,0,0,1,0,0,1,1,0,0,0,1,0,0,1,0,0,1,1,0,0,0,0,0,0,0,0,1,0,1,3,0,0,0,0,0
"sûr",0,0,0,0,0,0,0,0,0,0,0,0,1,0,0,0,0,0,0,0,0,1,1,1,0,1,1,2,2,0,0,0,2,1,1,0,0,0,0,0,0,1,0,0,0,0,1,2,0
"surtout",0,0,0,0,0,0,0,0,0,1,0,1,0,0,0,0,0,0,0,0,0,1,1,1,2,1,2,0,0,0,0,1,0,0,0,1,0,0,1,0,1,0,4,0,2,1,0,0,2
"système",0,0,0,0,0,0,0,1,0,0,0,0,0,0,0,1,0,0,0,1,0,1,0,0,0,0,0,0,1,3,0,2,0,0,1,2,1,0,0,0,1,0,0,0,2,3,0,0,1
"temps",1,3,2,1,3,1,2,3,1,0,1,0,1,1,2,0,1,0,0,1,0,1,2,4,1,1,3,2,0,0,3,0,0,2,4,0,0,0,0,0,0,1,0,1,1,5,4,2,1
"terme",0,0,0,0,0,0,0,0,0,0,0,0,0,0,0,1,0,0,1,0,0,0,0,0,0,0,1,0,0,1,0,0,0,1,1,1,0,0,0,1,0,0,0,0,1,1,0,0,1
"terrorisme",0,0,0,0,0,0,0,0,0,0,0,0,1,0,0,0,0,0,0,0,0,0,1,0,0,0,0,0,0,1,0,0,1,0,0,0,0,0,0,1,1,3,2,3,1,2,0,0,0
"texte",2,1,0,1,1,1,1,1,1,1,1,1,1,1,1,1,0,1,1,1,1,1,1,1,1,1,1,1,1,1,1,1,1,1,1,1,1,1,1,1,1,1,1,1,1,1,1,1,1
"travail",4,1,1,1,1,0,0,1,2,0,0,2,0,1,0,0,1,0,0,1,2,3,1,0,0,0,2,1,1,0,1,2,4,1,3,3,2,3,2,3,2,1,0,12,7,7,2,1,13
"travailler",0,0,1,0,0,0,0,0,1,0,0,0,0,0,1,0,0,0,1,0,0,0,1,0,0,0,0,0,0,0,1,0,1,2,0,0,1,1,1,0,0,0,1,1,1,2,2,0,3
"travailleurs",2,1,1,0,0,1,0,2,2,0,0,0,0,0,0,0,0,0,0,1,0,0,0,0,0,0,0,0,0,0,0,0,0,0,0,0,0,0,1,0,1,0,0,0,0,0,1,1,0
"très",0,0,0,0,0,0,0,0,0,0,1,0,0,0,0,0,1,0,0,0,0,1,1,2,2,2,1,1,2,0,2,0,0,0,0,0,0,0,0,0,0,0,0,2,1,1,1,0,0
"trois",0,1,0,1,2,0,0,1,1,0,0,0,0,1,0,0,0,0,1,1,0,0,0,0,0,0,0,0,0,0,0,0,0,0,0,0,0,2,1,1,0,0,0,0,1,0,0,0,0
"troisième",0,0,0,0,0,0,0,0,2,0,1,1,1,1,0,0,0,1,0,0,0,1,0,0,0,0,0,0,0,0,0,0,1,0,0,0,0,1,1,0,0,0,0,0,1,1,0,0,0
"unie",0,0,2,0,1,0,0,0,0,0,0,0,0,0,0,0,0,0,0,0,0,1,0,1,1,1,0,0,1,0,1,0,0,0,0,0,0,0,0,0,0,0,0,1,0,0,1,1,1
"union",0,0,0,0,1,0,0,0,0,0,2,0,0,0,0,0,2,0,0,1,3,1,0,0,1,0,0,0,0,0,1,0,0,2,2,0,0,0,0,1,0,0,0,0,0,1,2,2,1
"unis",0,1,0,0,0,0,0,0,0,0,0,1,0,1,1,0,0,0,0,1,0,0,0,0,0,0,0,0,1,1,0,0,0,0,0,1,0,1,0,0,0,0,1,0,0,0,1,1,1
"unité",0,0,0,0,0,0,0,1,0,0,0,1,0,1,0,0,2,0,1,1,0,0,0,0,1,0,1,2,0,0,0,0,1,0,0,1,0,0,0,0,0,1,0,0,1,6,2,1,3
"valeurs",0,0,0,0,0,0,0,0,0,0,0,0,0,0,0,0,0,0,0,0,0,1,2,3,3,2,0,2,1,1,2,0,2,2,1,1,3,0,2,2,1,1,2,1,0,2,3,1,1
"venir",0,0,0,0,0,0,0,0,0,0,0,0,0,0,0,0,0,0,0,0,0,0,0,0,0,1,0,1,1,0,1,0,0,0,0,1,0,1,0,0,0,0,0,0,2,2,3,1,1
"vérité",0,0,0,0,0,0,1,0,2,0,1,0,0,0,0,0,0,0,0,0,0,0,0,0,0,0,0,0,0,0,0,0,0,1,1,0,1,1,0,0,0,1,0,0,5,0,0,0,1
"veut",4,2,0,0,0,0,2,0,1,0,0,0,0,0,0,0,0,0,0,0,1,1,0,1,0,1,0,0,0,0,0,0,0,0,0,0,0,0,0,0,0,0,0,0,1,2,0,0,0
"victimes",2,0,0,0,0,0,0,0,0,0,0,1,0,1,0,0,0,0,0,1,1,0,0,0,1,2,0,0,1,0,3,0,3,0,1,1,0,0,0,0,1,1,1,0,0,0,1,0,0
"vie",3,0,1,2,1,0,2,2,1,0,0,1,1,1,1,1,1,2,1,1,4,1,1,1,1,3,7,1,0,1,1,1,0,8,2,2,1,2,2,2,2,1,4,5,6,4,5,5,3
"vient",0,0,0,2,1,1,1,0,0,1,0,0,0,0,1,1,0,0,0,0,0,0,0,0,1,0,0,0,0,0,1,0,0,1,0,1,0,1,0,1,0,1,0,0,0,3,0,1,1
"vite",0,0,0,0,0,0,0,0,0,0,1,0,0,0,0,0,0,0,1,0,0,0,1,0,1,0,0,0,0,0,0,0,1,1,1,0,0,0,1,1,0,0,0,0,0,1,1,0,2
"vive",0,0,0,0,0,0,0,2,2,0,2,2,2,2,2,2,2,2,2,2,2,2,2,2,2,0,2,2,2,2,2,2,4,1,2,2,2,2,2,2,2,2,1,2,2,2,2,3,2
"vivent",1,1,0,0,1,0,0,0,0,0,0,0,1,0,1,0,0,0,0,1,0,0,0,1,0,1,0,0,0,0,0,0,0,0,1,0,0,1,1,1,1,0,0,1,0,0,0,0,0
"vivons",2,1,1,0,0,2,0,0,0,0,1,0,0,0,0,0,0,0,0,0,0,1,0,1,0,1,0,0,1,0,0,0,1,0,0,0,0,0,0,0,0,0,1,0,2,0,1,0,0
"vivre",1,0,0,0,0,1,0,2,1,2,1,2,4,0,1,1,1,1,0,1,0,0,0,2,1,3,1,4,0,0,0,1,2,1,0,0,1,0,0,1,0,1,1,2,5,3,2,0,1
"voeu",0,0,0,1,0,0,1,0,1,0,3,0,1,0,0,0,0,0,0,1,0,0,0,1,0,0,0,0,0,0,0,0,0,1,0,1,0,0,0,0,0,0,0,0,8,0,0,1,0
"voeux",9,8,3,5,8,9,3,2,3,0,2,2,3,4,3,6,4,6,4,2,4,2,2,3,3,1,2,2,1,1,2,2,2,1,2,2,3,1,1,1,1,3,1,3,3,2,1,0,0
"voie",0,0,0,0,0,0,0,1,0,0,0,0,0,0,1,0,0,1,0,0,0,0,2,0,0,0,0,0,0,0,1,2,0,2,0,1,0,1,0,0,0,0,0,0,0,2,0,0,0
"volonté",0,0,0,0,0,0,0,3,1,1,0,0,2,1,0,1,1,0,1,0,0,2,1,0,0,1,4,1,2,0,0,1,0,1,0,0,0,0,0,0,2,0,0,2,0,0,0,0,0
"vont",0,0,0,0,0,1,0,1,0,1,0,0,0,0,0,2,0,0,0,0,0,0,0,0,0,2,1,0,0,2,3,0,0,0,0,4,0,0,0,0,0,0,0,0,0,0,0,1,2
"voudrais",6,1,1,0,0,1,0,0,0,0,0,0,0,0,0,0,0,0,0,0,0,0,2,1,0,2,0,0,0,0,0,0,2,1,0,0,0,0,0,0,0,0,1,0,0,0,0,0,0
"voulu",0,0,0,0,0,0,0,1,0,0,0,0,0,2,1,0,0,0,0,0,0,1,0,0,1,0,0,2,0,0,2,0,0,3,1,0,1,0,0,0,0,0,1,0,0,0,0,0,0
"vrai",0,0,1,3,1,0,1,0,0,0,0,0,0,0,1,1,1,1,0,0,1,1,2,0,1,0,0,0,0,0,0,0,0,0,0,0,0,0,0,0,0,0,0,0,2,0,0,0,0
